ID,Title,Amount,Category,Date
1,expenses,3000.0,Food,2025-09-25,
2,Grocery,2000.0,vegetable,2025-09-25,
4,Mall,10000.0,Shopping,2025-10-01,
5,Bills,5000.0,Transport,2025-09-30,
7,mc donalds,1500.0,Food,2025-10-02,
8,current bill,3000.0,Others,2025-10-01,
9,Travel,1000.0,Others,2025-10-01,
10,birthday shopping,5000.0,Shopping,2025-10-11,
11,Cosmetics,1500.0,Shopping,2025-11-01,
12,Diwali purchase,5000.0,Shopping,2025-10-20,
13,xerox,500.0,Shopping,2025-11-05,
16,chocolate,5000.0,Food,2025-11-06,
18,sanitary ,300.0,Shopping,2025-11-06,
